JJ,NN,NN,NN,NN,NN,NN,JJ,JJ,JJ,NN,NN,NN,NN,JJ,NNS,VBP,NN,NNS,VBP,NN,JJ,NN,NN
JJ,NNP,NNS,JJ,MD,VB,DT,NN,IN,DT,JJ,NN,VBD,NNP
NN,VBZ,NN,IN,PDT,DT,JJ,NN,NN
NN,NNP,NNS,JJ,CC,JJ,NN,IN,JJ,NN,NNS,NN,VBD,VBN,DT,JJ,NN,IN,DT,JJ,JJ,NN
DT,NN,IN,NN,RB,VBD,TO,VB,NN,NN,NNS,VBZ,VBN,DT,JJ,NN,IN,NN,NNS,IN,DT,NN,IN,NNS,VBN,TO,PRP,JJR,IN,NNP,NNS,IN,NNS,VBD
DT,NN,NN,VBZ,RB,RB,PRP,VBZ,DT,IN,RB,JJ,NNS,TO,PRP,VBG,NNS,WDT,VBP,RP,NNS,RB,NNS,VBD
VB,DT,NN,IN,JJ,JJ,NN,WDT,VBZ,NN,NNS,VBD,VBG,IN,PRP$,NN,NNS,IN,NNP
IN,JJ,NNS,VBD,VBD,JJR,IN,DT,NN,IN,DT,JJS,NNS,VBP,IN,NN,POS,JJ,JJ,NN,IN,NN,DT,NN,RB,TO,VB,JJ,NN,TO,DT,NN
DT,VBD,DT,VBZ,DT,JJ,NN
PRP,VBP,VBG,IN,NNS,IN,IN,NN,NN,IN,NN,VBG,DT,JJ,NNS
EX,VBZ,DT,NN,IN,PRP$,NNS,RB
DT,CC,DT,NNS,WP,VBD,DT,NNS,VBD,JJ,IN,DT,NN,IN,NNS,IN,DT,NN,NNS
PRP,VBP,DT,JJ,NN,IN,IN,NNS,VBP,IN,NN,VBD,NNS,NN,IN,NN,POS,NN,NN
NN,VBD,DT,NN,IN,NNS,IN,DT,JJ,NN,NN,CC,DT,JJ,NNS,IN,NN,NN,CC,NN,NN
DT,NN,VBD,NN,VBD,VBD,IN,RB,JJ,NNS,IN,VBG,NN,IN,DT,NNS,IN,DT,JJ,CD,CC,VBD,IN,DT,JJ,NN,IN,IN,NNP
IN,NNP,TO,NNP,NNP,CD,NN,NNS,IN,DT,NNS,VBD,VBN,DT,NN,VBD
IN,NNP,NNS,WP,VBD,RB,IN,DT,NN,NNP,VBP,VBN,JJR,IN,CD,NNS,DT,JJ,NN
CD,IN,DT,CD,VBG,NNS,VBP,NNS,VBG,CD,IN,RB,NN
DT,NN,IN,NNP,NNS,IN,JJ,NN,NN,CC,VBD,RB,JJR,IN,JJ,DT,NNS,VBD
DT,NN,VBZ,DT,JJ,NN,IN,DT,IN,PRP,WP,VBP,NNS,VBD,NN
DT,NN,IN,NN,NN,NNS,IN,DT,NNS,IN,DT,NN,NN,NN,VBZ,TO,VB,DT,JJS,IN,DT,NN,NNS,VBD,IN,JJ,JJ,NNS,PRP,VBD
DT,NN,WDT,VBZ,VBN,IN,CC,NN,VBD,IN,NN,IN,TO,VB,DT,NN,NNS
DT,NN,RB,MD,VB,DT,WP,VBP,WDT,DT,NN,MD,VB,DT,NN,IN,NN,VBG,JJR,IN,DT,JJ,NN,IN,NN,VBN,IN,JJS,NNS,CC,JJ,NNS,NN,VBD
DT,NN,VBZ,CD,IN,DT,JJ,JJ,NNS,WDT,VBZ,RB,VBP,DT,JJR,NN,IN,NN,IN,DT,JJ,NNS,JJ,IN,WDT,VBP,VBN,IN,VBG,TO,VB,DT,NN,IN,IN,DT,NN,IN,JJ,NN,IN,NN
JJR,JJ,NNS,VBP,CC,VBP,JJR,RB,VBN,IN,DT,NN,NN,VBD
IN,NN,DT,JJ,NN,NN,VBD,DT,JJ,NN,IN,RB,DT,NNS,IN,NN
IN,NNP,RB,DT,VBG,NNS,IN,NN,MD,VB,VBN
IN,NNP,NNS,IN,DT,NN,WDT,VBD,NN,IN,DT,NN,NNS,VBD,VBN,TO,NN,IN,DT,CD
NNS,IN,DT,NN,VBD,RB,JJ,WRB,DT,VBD,VBD
NNS,VBD,JJ,IN,DT,VBN,NN,IN,DT,JJ,NN,IN,NN,CC,NNS,CC,VBD,DT,JJ,NNS,IN,DT,NN,VBD,TO,VB,NNS
NNS,VBD,NNS,IN,JJ,NN,WDT,NN,IN,NNS,IN,DT,NN,RB,IN,NNS,DT,NN
EX,POS,DT,NN,WDT,DT,IN,DT,NNS,CC,NNS,VBD,NNS,VBD,JJ,NN,NN,IN,JJ,NNS,IN,CC
CC,PRP,VBP,TO,VB,WDT,DT,NNS,VBD,NN,NNP,NNS,IN
PRP,VBZ,DT,NN,IN,PRP$,NN,NN,NN
NNS,IN,JJ,JJ,NNS,VBD,TO,VB,IN,NNS,WDT,NN,NNS,VBP,JJ,NNS,IN,NN,NNS
DT,JJ,JJ,NN,NN,IN,DT,NNP,JJ,NNS,VBN,IN,POS,NN,NN,NN,VBD,DT,NN,IN,DT,NN,NN,TO,NNP,NNP,IN,NNP,NNP,IN,DT,NN,VBD,NN
NN,NNS,VBP,NN,IN,NNS,CC,WDT,DT,JJ,NN,VBZ,IN,DT,NN
JJ,NN,IN,DT,NNS,POS,NNS,IN,DT,NN,TO,NNP,NNS,DT,JJS,IN,JJ,JJ,VBG,TO,NN,POS
JJR,NNS,VBP,VBN,TO,VB,VBG,NN,NNS,IN,PRP,VBP,NN,NNS,TO,VB,RB,JJR,NNS,IN,DT,JJR,NN
NN,NNS,VBP,VBN,DT,NN,IN,VBG,NNS,IN,NN,NNS,MD,VB,JJR,NNS,VBP
DT,JJ,NN,IN,NNS,JJ,RB,TO,NNS,VBN,IN,DT,TO,VB,DT,JJR,NN,IN,DT,NNS,VBP,DT,NN,RB,VBD,DT,JJ,NN,IN,DT,NN,NNP,NNS
RB,VBD,NN,IN,NN,NN,NN,NNS,MD,RP,RB,IN,PRP,VBP,IN,IN,JJ,NNS,IN,JJ,NN,NNS
DT,NN,IN,JJ,NN,NNS,VBN,IN,NN,POS,NN,IN,NN,VBD,TO,NNP,NNP,IN,NNP,NNP
IN,JJ,NNS,IN,NNS,NNS,VBP,TO,VB,NN,IN,NN,NNS
NNS,IN,DT,NNP,JJ,NNS,VBD,IN,$,NNP,CD,IN,DT,JJS,NN,TO,$,NNP,CD
RB,JJ,NNS,VBD,JJ,JJ,NNS,IN,NN,NNS,MD,VB,NNS,CC,VB,IN,DT,JJS,NNS
DT,JJ,NN,NNS,VBP,RB,VBG,RB,IN,NNP,NNP
JJ,JJ,NN,DT,NN,VBD,DT,JJ,NN,NN,IN,NNP,NNP,IN,DT,JJS,NN,VBP,IN,NNP,NNP,DT,NN,RBR
PRP,VBZ,RB,IN,JJ,NNS,RB,CC,VBZ,RB,NN,NNS,WDT,VBZ,PRP$,NN
DT,JJ,JJ,JJ,NN,IN,DT,NNP,NNS,VBD,NNP,NNP,VBP,IN,NNP,NNP
DT,JJ,JJ,NN,VBD,TO,DT,JJ,NNP,NNP,IN,NNP,NNP,DT,JJ,NN,NN,VBD,TO,DT,JJ,NNP,NNP,IN,NNP,NNP
NN,NN,NN,IN,NNP,CC,NN,WDT,VBZ,DT,NNP,NNP,NN,IN,DT,NN,VBD,VBN,DT,NN
PRP,VBZ,JJ,RB,DT,NNP,NN,NN,WP,VBD
NNP,VBZ,CD,IN,NNP,NN,POS,CD,NN,NNS
NN,JJ,JJ,NN,VBD,NNS,VBD,PRP$,NN,IN,JJ,NN,IN,NN,IN,$,NNP,DT,NN,CC,$,NNP,CD
DT,NN,VBG,NN,VBD,PRP,VBZ,TO,VB,JJ,NN,CC,JJ,DT,NN,IN,NN
JJ,VB,VBD,PRP$,CC,NN,VBD,DT,NN,IN,PRP$,NNS,NNS,TO,VB,NN,IN,$,NNP,CD
VBZ,DT,JJ,JJ,VBG,NN,IN,NNS,IN,DT,JJ,NN,NN
NNS,VBN,IN,JJ,VBZ,JJ,JJ,NNS,NNS
PRP,VBZ,NNP,NNS,CC,VBZ,JJ,NN,IN,IN,$,NNP,CD
DT,JJ,NN,VBD,NNS,IN,NN,NNS,NNS,IN,NN,VBZ,RB,VBN,DT,NN,IN,NN,NN
IN,NN,VBZ,DT,NN,VBZ,RB,DT,NN,TO,VB,JJ,NN,NNS,IN,DT,NN,DT,NN,VBD
DT,NN,POS,NN,NN,VBD,IN,NN,NN,TO,$,NNP,CD,IN,$,NNP,CD
NN,TO,VB,DT,NN,NN,VBZ,IN,DT,NN,IN,VBG,NNS,NNS
DT,NN,VBZ,VBN,TO,VB,DT,NN,TO,$,NNP,CD,CC,DT,NN,VBZ,RB,JJ,TO,VB,IN,JJ,NN,IN,DT,JJS
DT,NN,VBD,DT,NN,MD,VB,IN,VBD,NNP,IN,NN,VBZ,RB,VB,IN,RB
NN,NN,VBD,VBN,JJ,NN,NN,CC,JJ,NN,IN,DT,NN,NNS,CC,NN,NN,IN,JJ,NN,NN,NNP,NN,NN
IN,DT,JJ,NN,PRP,MD,VB,NNP,POS,NN,NNS,NN,NNS,CC,NN,NNS
RB,NN,NNP,NNS,JJ,VBD,JJ,NN,NN,IN,NNP,NN,POS,NNP,NN
PRP,VBD,VBN,DT,NNS,CC,NN,NN,IN,NNP,IN,NNP,NNS
WRB,PRP,POS,NN,IN,PRP$,DT,NN,POS,NN,RB,VBD,IN,TO,DT,IN,NN,NNS,IN,CC,JJ,NNS
RB,DT,NN
DT,JJ,NN,IN,NNS,VBN,IN,DT,NN,IN,NN,IN,PRP$,JJS,NN,NN
CC,DT,NN,VBD,TO,VB,PRP$,NNS,JJR,IN,NN,CC,NN,NNS,IN,NN,NNS
DT,NN,IN,NN,TO,VB,TO,NNP,JJ,NN,NNS,WDT,DT,NN,IN,DT,NN,VBZ,RB,RB,IN,DT,WDT,PRP,POS,DT,JJ,NN,IN,DT,NN,TO,VB
IN,DT,VBG,NN,IN,DT,NN,VBD,NNS,IN,NNS,IN,NN,NN,CC,IN,IN,NN,IN,NN,CC,DT,NN,JJ,NN
IN,DT,NNS,VBD,NN,NN,NN,NN,IN,DT,NN,IN,DT,NN,CC,DT,NN,NN
NN,CC,VBD
DT,JJ,NN,IN,DT,NN,IN,NNS,CC,PRP$,NNS,TO,DT,NN,NN,IN,NN,CC,JJ,NNS
DT,NN,MD,RB,VB,PRP,RB,DT,NN,VBD,DT,JJ,NNS
DT,NN,NN,VBD,VBN,IN,DT,NN,WRB,NN,CC,NNS,VBP,VBN,TO,JJ,NNS
RB,IN,DT,NNS,POS,NN,DT,RP,CD,NNS,NNS,CC,RB,DT,NN,NN,NNP,NN,IN,DT,NN,NN
IN,DT,NN,NN,NNP,NNS,IN,IN,DT,NNS,CC,NNS
DT,DT,NNS,VBD,RP,PRP,RB,VBD,NN,IN,PRP$,NNS,IN,DT,NN,POS,NN,CC,CD
RB,IN,DT,VBN,IN,DT,JJ,NNS,IN,DT,NN,IN,DT,NNS,RB
DT,NN,PRP,VBD,IN,NN,CC,DT,NN,RB
IN,DT,NNS,CC,IN,DT,JJ,CD,IN,DT,JJS,NNS,IN,NN,VBD,PRP,JJ,CC,IN,DT
VBG,DT,CC,JJ,WRB,PRP,VBP,CD,DT,NNS,VBD,DT,NNS,DT,NN
JJR,IN,DT,JJ,VBP,DT,NN,PRP,TO,VB,TO,DT,NN,IN,JJ,NNS
CC,IN,RB,PRP,VBP,VBG,RB,TO,PRP$,NN,NN,IN,NN
RB,JJ,VBD,DT,NN,NN,IN,$,NNP,CD,IN,NN,VBG,DT,NN,POS,JJ,VBG,TO,NN,NNS,VBN,NN
JJ,IN,DT,NN,CC,NN,NN,VBD,DT,NN,NN,IN,NN,DT,JJ,JJ,NN,DT,NN,VBG,DT,NN,IN,RB,JJ,POS,NN
NNS,IN,NN,VBD,IN,$,NNP,CD,DT,JJ,NNP,NNP,NN,IN,DT,NN,RBR,IN,NNS,VBD,RB,TO,$,NNP,CD,RP,NNP,NNP,IN,JJ,NN
RB,JJ,POS,JJ,NN,WDT,VBD,IN,NNP,VBD,DT,NN,IN,IN,JJ,NN,NNS,NN,NNS,CC,JJ,NNS
NN,NNS,VBD,NNS,IN,DT,NN,IN,DT,NN,MD,VB,IN,DT,NN,NN,IN,$,NNP,CD
IN,DT,JJ,NN,RB,JJ,VBZ,VBN,DT,NN,NN,IN,$,NNP,CD,RB,RB,DT,NN
IN,JJ,TO,NN,DT,NN,POS,JJ,NNS,VBD,NNP,NNP,IN,DT,JJ,NN,JJ,NN,TO,$,NNP,CD
NNS,VBD,IN,$,NNP,CD,RP,NNP,NNP
JJ,VBG,TO,VB,NN,IN,JJ,NN,NN,VBD,JJ,NN,NNS,IN,NNP,CC,VBD,PRP,MD,VB,DT,JJ,NN,NN,IN,NNS
DT,JJ,NN,NN,IN,JJ,DT,NN,IN,DT,NN,NN,NN,VBZ,DT,JJ,NN,NN,DT,NN,VBZ,VBN,NNS,IN,CD,NNS
NNS,WDT,VBP,NNS,NNS,IN,VBG,CC,VBG,NN,NN,VBP,VBN,JJ,IN,DT,NN,CC,IN,DT,JJ,NN,IN,JJ,NN,NNP,VB,POS,NN,NN,CC,NNS,POS,NN,NN,CC,NN,NN
NN,RB,VBN,JJ,NN,VBD,JJ,POS,NN,NNS,MD,NN,NNP,NNP,IN,JJ
DT,JJ,NN,IN,JJ,MD,VB,$,NNP
IN,JJ,NN,NN,VBD,PRP$,JJ,NN,NN,NN,IN,NNP,IN,RB,VBG,NN,NN,NNS,IN,DT,JJR,NN,NN,NN,POS,NN,NN,MD,VB,RB,NNP,NNP,JJR,IN,VB,DT,JJ,NN,IN,NN,NNS,IN,$,NNP
NN,NN,VBZ,RB,TO,VB,PRP$,NNP,NN,NNS
JJ,VBD,PRP,MD,VB,DT,NN,NN,NN,WDT,NN,NNS,TO,NNS,IN,NN,NN
DT,NN,MD,VB,IN,NN,NNS,NNS,WP,IN,NNP,NN,CC,VB,PRP$,NNP,NN,IN,RB,IN,PRP,VBD,$,NNP,IN,NNP,CC,$,NNP,IN,NNP
NN,VBD,DT,NN,VBZ,RB,DT,NN,TO,VB,RP,DT,NN,IN,NN,NNS,IN,DT,JJ,CD,NNS,IN,NNP,JJ,POS,NN,NNS,VBD,NNP,DT,NN,IN,NNP,NNP,IN,JJ,NN,VBG,TO,NNS,NN,NN
WP,VBZ,VBZ,WP,NNS,VBP,VBG,IN,NN,CC,IN,WDT,NN,PRP,VBP,VBG,NN,DT,JJS,VBD,NN
DT,JJ,CC,NN,NN,VBP,VBN,VBG,NN,IN,JJ,NNS,IN,JJ,NN,IN,JJ,TO,NNS,JJ,IN,NNS,CC,NNS
RB,NN,IN,DT,JJ,CD,VBN,NN,NNS,RB
VBG,TO,NN,NN,IN,NN,DT,JJS,VBD,JJ,NN,IN,NNP,DT,NN,IN,NNP,NNP
JJ,POS,NN,IN,DT,JJ,CD,NNS,IN,NNP,VBD,NNP,JJ,IN,DT,JJ,NN,JJ,NN
NN,NN,POS,NN,IN,DT,JJ,NN,VBD,NNP,VBP,NNP,NNP
JJ,JJ,JJ,NN,VBD,RP,IN,DT,NN,IN,JJ,NN,NN,IN,JJ,NN,VBG,WDT,DT,NNS,VBD,RB,JJ,CC,DT,JJ,RB,RB,IN,DT,JJ,TO,VB,DT,JJR,NN
DT,NN,VBZ,JJ,VBG,NN,CC,JJ,NNS,IN,DT,VBG,JJ,NNS,IN,NN,IN,JJ,NN,WDT,RB,VBZ,VBN,DT,JJ,NN,NN,IN,NN,NNP,NN,NNS,IN,WDT,PRP,MD,VB,DT,JJ,NN
JJ,JJ,JJ,VBN,IN,VBD,VBN,$,NNP,CD,TO,VB,NN,IN,JJ,NN,RB,IN,DT,$,NNP,CD,NN,JJ,VBG,NNS,IN,PRP$,NN,CC,DT,$,NNP,CD,JJ,VBZ,PRP$,NN,VBZ,IN
JJ,VBG,VBZ,VBN,IN,JJ,JJ,NN,CC,JJ,VBZ,VBN,IN,NN,NN
NN,IN,JJ,NN,NN,VBZ,PRP$,JJ,NN,NN,IN,IN,$,NNP,CD
NN,NN,NN,CC,JJ,NN,NN,IN,JJ,JJ,JJ,VBD,DT,NN,POS,VB,IN,NN,MD,VB,IN,PRP,VBD,DT,JJR,NN,CC,PRP$,NNS,VBN,TO,NN,IN,JJ,NN,JJ,IN,NN,IN,NN,NN,CC,JJ,NN,VBD,RB,VB,JJ
WRB,PRP,VBG,PRP$,NN,DT,NNS,VBD,JJ,CC,NN,IN,DT,JJ,CD,NNS,CC,DT,NNS,VBD,DT,RB,NN,RP
WDT,VBD,JJ,TO,VB,PRP,VBD
NN,NN,RB,VBD,WDT,JJ,NNS,RB,VBD,JJ,JJ,JJ
DT,NN,WP,VBZ,NN,IN,JJ,NN,IN,PRP,VBZ,IN,NN,NNS,PRP$,NNS,MD,VB,IN,DT,JJS,IN,DT,NN,PRP,VBD
WDT,VBZ,NN
PRP,VBD,RB,DT,CD,IN,DT,NN,NNS,WDT,VBD,TO,DT,NN,POS,NN,TO,VB,IN,DT,NN,PRP,VBD
NN,NN,NN,IN,JJ,VB,DT,JJ,NN,TO,DT,JJ,NN,POS,NN,NNS,VBD,DT,NN,IN,JJ,JJ,JJ,MD,VB,RP,DT,NN,NN
DT,NN,WDT,JJ,JJ,VBN,JJR,NN,NNS,NNP,NNP,IN,CD,NNS,IN,IN,NNP,NNP,VBZ,VBN,IN,DT,JJ,CD,JJ,NNS,VBD,NNS,IN,NN,NNS,NN,NN,VBD
RB,DT,NN,VBZ,RBR,PRP,VBD
RB,DT,JJ,NN,JJ,NN,VBD,VBP,IN,RB,DT,NN,IN,JJ,VBG,NN,IN,PRP$,JJ,NN,IN,NN,IN,JJ,NN
JJ,VBD,PRP,MD,PRP$,NN,CC,RB,VBZ,IN,DT,NN,IN,DT,NN,RB,WDT,PRP,MD,JJ,DT,NN,IN,JJ,NN,IN,PRP$,NN,VBZ,DT,CD,VBD,IN,DT,NN,NN
NN,IN,JJ,NN,NNS,VBD,NN,IN,$,NNP,IN,NNP,NNS,IN,JJ,NN,NN,NN,JJ,NN
JJ,NNP,NNS,JJ,CC,JJ,NN,CC,JJ,NN,NN,IN,NNS,VBP,PRP,VB,CC,JJ,NN,NNP,NN,IN,VBG,NN,VBD,VBN,NNS,IN,DT,NN,NNS,CC,NNS,NN,NN
PRP,VB,NN,NN,VBD,NN,NN,NN,NN,NN,CC,JJ,JJ,NN,NN,JJ,IN,DT,NN
NN,NN,NN,VBD,VBN,TO,VB,IN,$,NNP,CD,TO,PRP$,JJ,CC,JJ,IN,JJ,NNS,VBN,IN,VB,NNS,IN,DT,JJ,NN,NN
DT,VB,VBD,IN,$,NNP,CD,JJR,IN,RB,VBN,IN,DT,NN,NN,NN,CC,NN,NNS,VBD,PRP,MD,VB,DT,JJS,RB,VBN,IN,DT,NN,CC,JJ,NN
NN,NN,NN,NN,NN,VBN,NN,TO,VB,JJ,NNS,IN,IN,$,NNP,TO,$,NNP,DT,TO,NN,NNS,WP,VBP,VBN,JJ,NN,IN,NN,NNP,VBG,IN,CD,CD,NNS,WP,VBP,VBN,IN,WDT,NN
NN,NN,VBN,DT,NNS,TO,VB,JJ,NNP,CC,VBD,WDT,PRP,MD,RB,DT,NNS,CC,JJ,NNS,TO,NN,PRP$,NN,IN,NN,NN
DT,VB,NN,MD,RB,VB,VBN,IN,DT,NN,IN,NNS,NN,NN,VBD
NN,NN,VBD,PRP,VBZ,RB,VBG,DT,JJ,NN,NN,CC,VBZ,VBG,VBG,NN,NN,POS,NN
DT,JJ,NN,IN,DT,VB,MD,VB,VBN,JJ,NN,VBN,IN,JJ,VBD,IN,NNP,NNP,IN,DT,NN
NN,NN,VBD,DT,NN,MD,NN,PRP,TO,VB,PRP$,NNP,NNS,IN,$,NNP,DT,NN
IN,NNP,NN,NN,VBD,NNS,IN,$,NNP,CD,CC,$,NNP,DT,NN
DT,NN,NN,NN,VBD,WDT,VBG,VBP,DT,CD,CD,NNS,WP$,NNS,VBP,VBN,IN,DT,JJ,NNP,NNP,NNS,MD,VB,DT,JJ,NN
IN,JJ,NN,NN,NN,JJ,NN,NN,NN,NN,VBD,IN,$,NNP,VBP,NNP,NNS
DT,$,NNP,CD,NNP,NN,IN,NN,VBD,VBD,IN,NNP
IN,DT,JJ,NNP,NN,DT,NN,NN,VBD,NN,NN,MD,VB,PRP$,NN,NNS,IN,$,NNP,CD,TO,VB,IN,DT,NN
CC,NN,NNS,VBD,DT,NN,IN,NN,NNS,TO,DT,NN,POS,NN,NN,CC,VBN,DT,NNS,JJ
DT,NN,JJ,NN,VBN,DT,NN,TO,NN,NN,NN,POS,NN,NNS,CC,VB,DT,NNS
DT,NN,VBZ,VBN,VBG,IN,DT,NN,POS,NN,VB,IN,PRP$,NNP,CD,NNS,JJ,TO,DT,VB,IN,NNP
IN,JJ,DT,NN,VBD,WDT,IN,$,NNP,CD,CC,$,NNP,CD,IN,DT,NN,POS,NN,VB,VBD,CC,MD,VB,CC,NN
IN,PRP$,NN,NN,NN,VBD,DT,JJ,$,NNP,CD,TO,DT,NN,POS,NNS
JJ,NN,NN,NN,VBD,DT,NN,NN,IN,DT,VB,IN,NNP,NNP
NN,NN,RB,VBZ,DT,JJ,VB,IN,PRP$,NN,WDT,DT,NN,JJ,NN,VBZ,VBN,IN,$,NNP,CD
CC,NN,NNS,VBP,WDT,NN,NN,POS,NNP,NN,MD,VBD,DT,NN,IN,DT,JJ,JJ,NN,NN,VBG,NN,NN,POS,NNP,NN
NN,NN,VBZ,VBG,IN,$,NNP,CD,IN,NN,NNS,TO,VB,IN,NNP
DT,NN,VBZ,JJ,TO,VB,IN,DT,NNP,NN,IN,NN,NN
JJ,NN,NN,NN,VBD,TO,VB,$,NNP,CD,IN,JJ,NN,IN,PRP$,JJ,JJ,NN
NN,POS,JJ,NNS,IN,NNS,NNS,CC,NNS,IN,NN,VBD,NNP,NNP,IN,DT,NN,RBR,TO,NNP,NNS,DT,NN,IN,DT,NN,DT,NN,NN,NNS,POS,NN,VBD
DT,JJ,NN,VBD,JJ,NNS,IN,NNP,NNP,IN,JJ,CC,NNP,NNP,IN,NN
DT,JJ,NNS,VBP,VBN,VBG,NNS,DT,NN,IN,NN
NN,NNS,VBN,IN,DT,JJ,NN,VBD,VBP,NNP,NNP
NNS,IN,NN,NNS,VBD,NNP,NNP,IN,DT,NN,RBR,TO,NNP,NNS
NNS,IN,JJ,NNS,WDT,VBD,IN,NN,NNS,VBG,IN,NN,IN,DT,NN,NN,JJR,IN,VBD,TO,NNP,NNS,IN,NNP,IN,NN,NNP
NN,NNS,NN,NN,DT,NN,IN,NN,NNS,VB,VBD,PRP,VBD,DT,NN,IN,RB,JJ,TO,VB,NN,NNS
DT,JJ,NN,VBN,IN,IN,NNP,NNS,IN,NN,MD,VB,NN,VBG,CC,VBG,NN,IN,NN,NNS,IN,RB,JJ,DT,NN,VBD
DT,NN,MD,VB,NN,NNS,VBD,IN,NN,NNS,CC,NN,NNS
DT,NN,IN,NN,NN,NN,NN,IN,DT,NN,IN,DT,NN,NN,VBZ,TO,VB,RB,IN,DT,NN,CC,IN,PRP$,NN,CC,JJ,NN,NN,NN
RB,RB,VBZ,NN,IN,DT,JJ,NN,POS,JJ,NN,VBN,RB,TO,NN,NN,RB,VBZ,PRP$,NN,NN
NNS,VBN,IN,DT,NNS,CC,NN,NN,IN,DT,VBG,NN,VBD,WDT,NN,NN,VB,MD,VB,DT,RB,$,NNP,CD,IN,NN,PRP,VBZ,VBG,DT,JJ,NN,IN,NN,NN,VBZ,CC,IN,DT,NN,PRP,VBZ,VBZ,VBN
DT,NNS,RB,VBD,WDT,IN,DT,NN,NN,VBZ,VBN,VBG,IN,DT,NN,IN,JJR,IN,CD,NNS,DT,JJ,NN,VBZ,IN,JJS,DT,NN,RB,IN,DT,RB,JJ,NN
RB,EX,VBP,VBN,DT,NNS,IN,DT,JJ,RB,RB,IN,DT,NN,VBZ,PRP,VBZ,VBG,IN,JJ,NNS
IN,JJ,IN,DT,NNS,VBD,VBN,WRB,NN,NN,JJ,VBD,DT,NN,IN,MD,DT,PRP,VBD,TO,DT,NN,VBD,RB,VBN,VBD,JJ,IN,NN
PRP,VBD,RB,VBP,RB,IN,DT,NN,NN,NN,POS,JJ,JJ,NN,NN,VBD,IN,DT,NN
DT,NN,VBZ,WDT,NN,VBZ,DT,JJ,NN,IN,DT,JJ,CC,IN,PRP,PRP,MD,RB,VB,VBD
NN,NN,VBD,RB,VB,TO,NN,DT,NN,WDT,VBD,RB,VB,NN
DT,NNS,RB,VBD,WDT,NN,NN,VBZ,RB,DT,$,NNP,CD,IN,NN,VBG,JJ,NN
CC,NN,VBD,WDT,DT,NN
DT,NN,IN,DT,NNS,IN,DT,NN,VBN,NN,NN,NN,TO,VB,$,NNP,NN,TO,VB,IN,$,NNP,IN,JJ,NN,NN,NN,JJ,NN
NNS,VBD,NN,WDT,NN,NN,POS,NN,TO,VB,PRP$,$,NNP,CD,NN,TO,NN,NN,POS,NN,MD,VB,DT,NN,IN,DT,JJ,NN
PRP,VBZ,TO,VB,VBN,IN,DT,JJ,NN,IN,DT,NN,VBD,JJ,NN,IN,NN,VB,NN
NN,NN,MD,VB,DT,NN,NN,PRP,VBD
PRP,CC,VB,NN,MD,VB,PRP,RB,CC,PRP,VB,RB
IN,DT,NN,POS,NN,JJ,NN,NNS,IN,NN,NN,POS,JJ,NN,VB,DT,JJ,POS,JJ,NN,NN
DT,NN,NNS,VBP,DT,NNS,WDT,VBP,VBD,IN,IN,VBG,RB,JJ,CC,NN,PRP,MD,VB,JJ,NN,NN
IN,NN,DT,JJ,MD,VB,NNP,NNS,RB,IN,JJ,IN,DT,JJS,JJ,NN
NN,NN,RB,MD,VB,JJ,NN,RB,RB,IN,NN,NN,WDT,VBZ,IN,NNP,NNP,IN,DT,JJ,NN,NN,CC,WDT,VBZ,JJ,TO,VB,RP,DT,NN,DT,JJ,NN,IN,DT,JJ,IN,NNP
DT,NN,RB,MD,VB,IN,JJ,NN,NNS,NN,CC,NN,POS,JJ,CD,NN,NN,CC,NN,CC,JJ,NN
DT,JJ,NN,VBD,PRP,VBZ,EX,VBP,JJR,IN,NNP,JJ,NNS,IN,VBN,IN,$,NNP,CD,CC,$,NNP,CD,RB,DT,JJ,NN,NN
IN,NNS,IN,DT,NN,NN,NN,NNS,VBP,TO,VB,CD,NN,NN,NN,IN,DT,CD,NN,NN,NNS,PRP,VBP,IN,DT,NN,JJ,TO,VB,IN,IN,CD,NNS
DT,NN,IN,DT,JJ,NNS,VBZ,VBN,VBD
RB,DT,NNS,MD,VB,PRP,RP,TO,DT,NN,TO,VB
NN,NN,VBZ,VBN,TO,NN,IN,NN
NNS,VBP,NN,NN,POS,JJ,NN,NN,IN,IN,$,NNP,DT,NN
IN,IN,DT,NN,NN,NN,VBZ,IN,$,NNP,CD,IN,NNS,RB,DT,VBN,TO,DT,JJ,NN,WDT,VBZ,VBN,DT,NN,IN,NN,NN,POS,NNS
NN,NNS,RB,VBP,WRB,NN,NN,VBD,DT,NN
IN,DT,JJ,NN,CC,NN,NNS,DT,NN,MD,VBP,VBN,JJ,TO,NN,DT,NN,IN,$,NNP,CD,IN,DT,JJ,NN,IN,NNP,RB,IN,DT,$,NNP,CD,PRP,VBD
IN,DT,JJ,NN,VBD,PRP,VBD,RB,NN,NN,MD,VBP,VBN,DT,$,NNP,CD,NN
NN,NN,WP,MD,RB,VB,VBD,IN,NN,MD,NN,IN,DT,JJ,NN,NNS,VBP,NN,IN,DT,JJ,NN,DT,NN,PRP,VBD,IN,NN,NN
VBN,IN,DT,NN,IN,DT,NN,NN,NN,VBD,VBN,$,NNP,IN,NN,NN,JJ,NN
IN,NN,NN,PRP,MD,VB,VBN,$,NNP
IN,NNS,NN,CC,JJ,JJ,NN,IN,DT,NN,VBZ,JJ,NNP,NN,CC,JJ,NN,NN,NN,NN,NNP,NN,NN,NN,NN,NN,NNP,NN,NN,NN,CC,NNS,JJ,NNP,NN,NN,NN
DT,VBD,IN,NN,NN
NN,NN,WDT,RB,VBZ,NNP,NNS,VBD,PRP,VBZ,DT,NN,NN,IN,NNP,IN,DT,NN,IN,NNP
NN,JJ,VBZ,NNP,NNS,JJ,VBD,VBN,JJ,NN,NN,NN,CC,JJ,NN,NN,DT,JJ,NNS
PRP,MD,VBP,TO,NN,TO,VB,NN,CC,JJ,NN,NN
NN,VBZ,VBD,NN,NN,NN,IN,DT,VBG,NN
NN,NN,NN,NNP,VBD,VBN,NN,NN,NN,IN,DT,NN
PRP,VBD,RB,NN,IN,DT,NN,POS,JJ,NN,NN,NN
NN,JJ,NNP,VBD,VBN,TO,VB,NN,NN,IN,NN,IN,JJ,NN
RB,PRP,VBD,NN,NN,IN,JJ,NN
JJ,NN,NNP,VBD,VBN,JJ,NN,NN,IN,JJ,NNS
PRP,VBD,RB,NN,NN
DT,NN,NN,DT,NN,IN,PRP$,NN,VBD,RB,JJ,NN,CC,VB,NN,IN,DT,NN,IN,NNS,PRP,VBZ,RB,VBG,IN,RB,VBG,TO,NN,NN,NNS,CC,JJ,NNS
RB,CD,JJ,NNS,VBP,NN,NN,NN,CC,NN,MD,VB,IN,WDT,JJ,NN,VBP,NN,IN,DT,NN,IN,DT,JJ,NN,NN,NN,NN,NN,NNS,VBD
IN,DT,JJ,NN,NN,NN,DT,NNS,MD,VB,JJ,NNS,CC,JJ,NN,NNS,IN,PRP,VB,RB,VB,PRP$,NN,IN,JJ,NN,IN,JJ,NN
NN,NNS,VBD,JJ,IN,DT,NNP,NNS,WDT,PRP,VBD,IN,NNS,IN,NN,VBP,VBD,JJ,NN,IN,DT,JJ,VB
PRP,VBD,EX,VBZ,VBG,IN,DT,NN,WDT,IN,NNS,DT,NN,NNS,CC,RB,DT,NN,CC,IN,DT,NN,POS,VBP,NNS
NN,NN,NNS,VBP,WDT,NNS,IN,NN,IN,NNS,MD,VB,VBG,PRP,IN,VBG,PRP$,VBP,NNS,CC,NNS,CC,IN,NN,JJ,NNS,IN,VBG,CC,NN,PRP$,JJS,NNS,EX
NN,NNS,RB,JJ,IN,VBG,DT,NN,NN,CC,JJ,JJ,NNS,IN,NN,NNS,CC,NNS,VBD,TO,VB,NN,CC,NN
NN,RB,VBZ,VBN,JJ,NNS,TO,VB,DT,NNS,PRP,VBD
NN,VBZ,JJ,PRP$,NN,IN,DT,NN,IN,DT,JJ,NN,PRP$,NN,NN,CC,VBG,NN,TO,VB,JJ,NN,NNS,IN,VBN,IN,PRP$,NNS
WDT,NN,MD,VB,POS,VBG,NN,IN,JJ,TO,VB,NN,NNS,IN,VBG,PRP$,NNS
VB,NN,IN,PRP$,NN,VBZ,VBN,TO,VB,DT,JJ,NN,NN,IN,JJ,NNS,CC,TO,VB,DT,NN,TO,NN,NN,IN,RB,IN,TO,JJ,NNS,NN,NNS,VBD
DT,CD,NNS,VBP,RB,RB,IN,DT,NN,IN
PRP,MD,VB,IN,DT,NN,WDT,VBZ,NNP,JJ,NNS
DT,NNS,VBG,NN,NN,VBP,NN,CC,NN,VBP,RB,IN,DT,NN,TO,DT,NN,CC,VBP,VBN,TO,VB,NNS,IN,JJ,NN,CC,JJ,NNS,IN,DT,IN,DT,NN,NN
JJ,NN,DT,NN,NN,VBG,IN,NNS,VBD,DT,NN,IN,NN,VBN,IN,DT,VBG,NN,WDT,VBG,JJ,NN,VBZ,IN,DT,NN,POS,VBP,NN,VBD,DT,NNS,VBD,IN,RB,JJ,NN,CC,VB,NN
WP,DT,VBZ,PRP,VBZ,WDT,NN,NN,NN,VBZ,VBG,PRP,VBD
PRP,VBD,NN,MD,VB,CD,IN,DT,JJ,NNS,TO,VB,VBD,IN,DT,NN,NN,IN,IN,PRP$,NNS,TO,VB,DT,JJ,NN,NN
NN,NNS,VBD,WDT,DT,NN,VBZ,RB,VBN,IN,VBG,NNS,IN,NN,CC,VBG,JJ,NN,IN,NN
PRP,VBD,RB,VB,IN,RBR,NN,NN,NNS,VBP,VBN,IN,NN,IN,NN,CC,IN,NN,JJ,NNS,IN,NN
DT,NNP,NN,VB,VBZ,NN,NNS,TO,VB,DT,NN,IN,DT,NN,IN,DT,NNS,IN,NN,NNP
RB,RB,NN,NNS,VBZ,RB,VBN,DT,NNS,JJ,RB,TO,VB,DT,JJ,NN,IN,DT,JJ,JJ,NNP,NN,IN,DT,VB
NN,VBD,PRP,MD,VB,NN,NNS,TO,PRP$,JJ,NN,IN,$,NNP,CD,DT,IN,DT,NN,NN
DT,NN,IN,NN,NN,VBZ,VBN,TO,VB,DT,JJ,NN,JJ,DT,NN,VBZ,VBN,VBD,IN,IN,DT,NN,IN,JJ
DT,JJ,JJ,NN,VBZ,VBN,RB,JJ,IN,PRP$,NN,IN,JJ,JJ,NN
NN,TO,VB,DT,NN,IN,NNP,NNP,IN,DT,NN,IN,PRP$,JJ,NN,NN,VBD,IN,PRP$,NN
NN,VBD,IN,JJ,IN,NN,JJ,NN,NN,NN,NN
NN,NN,VBD,IN,NN,CC,JJ,NN,DT,NN,TO,NN,IN,NNS
NN,RB,VBZ,VBD,DT,NN,IN,NN,NN,WP,VBD,NN,NN,NNP,VBZ,DT,JJ,NN,IN,JJ,CC,NN,VBZ,DT,RB,NN,DT,NN,NN,MD,VB,VBN
CC,PRP,VBZ,RB,VBD,IN,WDT,DT,NN,VBZ,NN,DT,NN
IN,PRP$,JJ,NN,DT,NN,NN,NN,MD,NN,NNS,IN,DT,JJ,NN,WDT,VBP,IN,NNS,IN,JJ,NN,NN
CD,NNS,WDT,VBN,DT,VB,IN,JJ,NN,VBD,VBN,IN,NNP
WDT,NN,DT,NN,NN,NN,NN,CC,NN,VBD,TO,NN
DT,NNS,VBD,VBN,IN,NN,POS,NNS
NN,NN,NNS,IN,NN,VBD,TO,NN,PRP$,NN,NNS,IN,NNS,CC,NNS,IN
CC,NN,NN,VBD,DT,JJ,NN,IN,NN,JJ,WDT,VBD,VBN,IN,DT,NN,IN,NN,CC,NN,NNS,IN,JJ,IN,DT,NN,NN
IN,NN,DT,NN,NN,VBD,DT,JJ,$,NNP
VBN,IN,PRP,VBD,DT,JJ,NN,VBD,JJ,NN,NN,IN,NN,NNS,IN,DT,NN,CC,NN
JJ,NN,NNS,IN,NN,VBD,VBN,IN,IN,NNS
CC,DT,JJ,NNP,NN,IN,RBR,NNS,JJ,IN,DT,CC,VBD,CC,MD,VB,IN,CD,NNS,IN,NNS,IN,PRP$,NNS
JJ,NN,VBP,JJR,IN,NNP,NNS,RBR,CC,VBP,VBN,NN,NNP,NNS,JJR,IN,PRP$,NNP,NNS
EX,VBD,JJ,JJ,NN
NN,NNS,CC,JJ,NN,IN,NNP,VBD,DT,JJ,NN,IN,NN,CC,NNS,VBD,DT,NN,NN,CD,NNS,IN,NN,VBD,CD,IN,DT,NNS,IN,NNP
NN,VBZ,RB,NN,IN,NN,NN,VBD,DT,NN,WDT,VBD,DT,NN,NNS,IN,NN
NN,CC,JJ,CD,JJ,NNS,VBD,IN,DT,JJ,WDT,VBP,NN,TO,NN,NNS,IN,DT,NN
NN,DT,NN,NN,IN,NNS,VBD,RB,NN,PRP$,JJ,NN,IN,JJ,NNP,IN,JJ,JJ,NNS,VBD,DT,NN
NN,NN,VBZ,RB,NN,DT,$,NNP,CD,JJ
CC,NN,DT,JJ,NNS,NN,VBD,PRP$,VB,NN,VBD,VB,IN,$,NNP,CD
VBZ,DT,JJ,NNS,NN,WDT,VBZ,NNS,IN,DT,NN
VBD,PRP,VBZ,NNP,NNP,IN,POS,VBG,NN,CC,VBZ,DT,NN,TO,VB,DT,JJ,NNP,NNP
WDT,NN,RB,IN,PRP$,JJ,JJ,NN,NNS,VBZ,DT,NN,TO,NN,PRP$,NN,TO,NNP,NNP,IN,POS,VBG,NN
NN,NN,IN,NN,POS,NN,NNS,MD,VB,VBN,IN,NNP,NNS,DT,NN,TO,IN,NNP,NNS,IN,DT,NN,IN,DT,NN,DT,JJ,IN,CD,JJ,NNS,VBN,TO,VB,VBN,IN,NN,IN,DT,NN,IN,NNP
NN,NN,NN,DT,NN,IN,JJ,JJ,NNP,NN,CC,NN,NN,VBP,DT,NNS,IN,DT,JJ,NN
NN,VBD,DT,NN,VBD,NN,NN
NN,MD,VB,RB,VBD,IN,PRP,VBZ,IN,NNP,NNS,DT,NN
DT,NN,VBZ,NNS,IN,NNP,CD,NNS
NNS,IN,DT,CD,JJ,NNS,NN,NNP,CD,NNS
DT,CC,NNS,VBP,JJ,TO,VB,VBG,JJ,JJ,NN,CC,DT,CC,NNS,RB,JJ,NN
NN,VBD,DT,NNS,VBD,VBD,IN,DT,JJ,NN,VBD,IN,NNP,TO,VB,DT,JJ,NNP,CD,NNS,IN,JJ,NNS,JJ,IN,NN
NN,VBD,PRP,VBD,DT,$,NNP,CD,NN,IN,PRP$,JJ,JJ,NN,TO,DT,NN,VBD,IN,DT,NN,POS,NN,VBD,JJ,NN,CC,JJ,NNS
VBG,DT,NN,IN,IN,DT,NN,NN,VBD,IN,NN,NN,NN,RBR,DT,NN,DT,NN,IN,VBD,TO,PRP,IN,JJ,IN,PRP$,NNS
DT,NN,IN,JJ,JJ,VBZ,DT,NN,IN,DT,NN
DT,JJ,NN,VBD,NN,NN,VBZ,VBD,JJ,NN,IN,NNS,IN,JJ,NNS,IN,NNS,WDT,VBP,RB,VBN,IN,JJ,NNS,IN,DT,NN,DT,NN,NNS,CC,JJ,NN
DT,NN,VBD,IN,NN,TO,DT,NN,VBN,IN,VB,IN,NNS,IN,DT,NN,NN,IN,NNS,IN,NNS,IN,NN,NNS
RB,VBP,NNS,VBD,VBN,JJ,JJ,NN
VBD,VBN,JJ,NN,IN,JJ,NNS,IN,NNS,VBN,IN,NNP,JJ,NN,NN
DT,JJ,NN,VBD,NN,NN,VBD,TO,VB,JJ,NN,IN,NNP,NNS,CC,VBD,VBP,JJ,NN,IN,JJ,NNS,IN,NNS,IN,IN,DT,JJ,IN,NN,NN,TO,VBP,NNS,VBN,IN,DT,NN,CC,DT,NN,NNS
VBZ,DT,JJ,NN,NN,CC,NN,IN,NNS,VBG,NNS,VBN,IN,DT,NNS,CC,JJ,NN,NNS,VBN,IN,DT,NN,NN,NNS
NN,NN,NNS,VBD,DT,NNS,CC,NN,MD,VB,DT,JJ,NNS,IN,DT,NN,POS,NN
NNS,IN,DT,NNS,IN,NNS,WDT,RB,MD,VB,JJ,IN,JJ,NN,VBD,IN,$,NNP,CD,IN,NNP,DT,RB,JJ,NN,IN,DT,$,NNP,CD,IN,NN,VBP,NNS,WDT,NN,VBG,TO,DT,NN,TO,NN,NN,NN,NN,NNS
FW,JJ,VB,POS,JJ,JJ,NN,NNS,VBP,VBD,CC,PRP$,NN,NN,VBZ,VBG,IN,TO,VB,VB,DT,NN,IN,DT,NN,VBD
NN,MD,JJ,DT,NN,TO,VB,NN,CC,NN,NN,NN,IN,DT,JJR,JJ,NN,IN,NN,VBZ,VBN,CC,VBN,FW,VBD
NN,RB,NN,NN,NN,MD,VB,NN,VBP
DT,JJ,NN,VBZ,VBN,FW,IN,JJ,NN,CC,DT,JJ,NN,NN,IN,DT,JJ,NN,VBZ,DT,NN
DT,NN,VBZ,VBD,NNS,IN,NN,NN,IN,DT,IN,DT,JJ,CD,NNS,IN,JJ,NNS,NN
FW,RB,VBD,PRP$,JJ,NN,IN,NN,CC,DT,NN,POS,NN,DT,NNS,VBP,RB,IN,PRP$,JJ,JJ,IN,NNP,JJ,NNS,NNP
IN,DT,NN,NN,NN,NN,FW,NNS,VBD,RP,NNP,JJ,NNS,TO,NNP
NN,NN,CC,VBG,NN,IN,FW,VBD,IN,JJ,NN,NN,JJ,NN,TO,VB,RB,DT,NN,IN,VBP,POS,NN
NNS,VBD,NN,VBZ,TO,VB,DT,JJR,JJ,NN,IN,VBG,DT,NN
PRP,VBP,PRP,TO,VBD,NNS,IN,DT,NN
DT,NN,VBD,NN,MD,RB,JJ,DT,NN,IN,NN,CC,JJ,NN
DT,PRP,CC,NN,VBP,MD,VB,VBD,IN,NN
FW,VBD,NN,VBP,VBD,TO,VB,DT,VBG,NN,IN,FW,IN,CD,IN,PRP$,NNS
NN,NN,IN,JJ,VBP,NN,VBD,VBN,DT,JJ,NN,IN,DT,JJ,NN,NN
JJ,NNS,RB,VBD,RP,CD,JJ,NN,JJ,NNS,VBG,$,NNP,CD,DT,NN,JJ,JJ,NN,NN,VBD
DT,NNS,VBP,DT,JJ,NN,IN,JJ,NNS,IN,NN,NNS,VBP,NN,POS,NN,NN,NN,NN,VBD,IN,DT,NN,NN
PRP,VBD,JJR,IN,NNP,NNP,IN,DT,NNS,VBD,VBD,IN,JJ,JJ,NNS
DT,NN,VBD,TO,NNS,IN,NN,CC,NN,NN
RBR,DT,NN,JJ,NNS,VBD,RP,DT,JJ,$,NNP,CD,JJ,NNS,JJ,NN
WDT,NN,VBD,VBN,RB,IN,NN,NN,DT,JJ,NN,NN,NN
DT,JJS,CD,NNS,VBD,VBN,RB,IN,NN,NNP,CC,NN,IN,DT,NN,CC,NN,POS,JJ,NNS,NN
DT,JJ,JJ,NNS,CD,VBG,DT,JJ,VB,CC,DT,JJ,IN,DT,JJ,VB,VBN,TO,DT,NN,NN,VBN,NN,NN,CD,NN,NNS,TO,JJ,NNS
JJ,PRP,VBP,VBN,TO,VB,DT,NN,IN,JJ,JJ,NNS,MD,VB,VBD,JJ,IN,NN,NNS,NN,CC,JJ,JJ,NNS,NNS,TO,PRP$,NN,IN,JJR,NNS
JJ,PRP,VBP,JJ,NN,NNS,IN,JJ,NNS,VBG,DT,JJ,NN,IN,NNS
IN,VBG,DT,NNS,NN,NN,VBD,DT,JJ,NNS,VBP,VBN,RB,JJ,TO,JJ,CC,JJ,NNS,JJ,DT,NN
JJ,NNS,VBP,VBN,JJ,NN,IN,JJ,NNS,TO,JJR,IN,NNP,NNP,IN,DT,$,NNP,CD,IN,JJ,NNS,JJ,CC,PRP$,NNS,VBP,VBG,IN,DT,JJ,NN
PRP,RB,VBP,VBN,JJ,NNS,IN,VBP,NN,POS,JJ,NN,VBG,$,NNP,CD,IN,VBP,NN,NNS,IN,DT,JJ,CD,NNS,IN,DT,NN,CC,RB,DT,IN,DT,NN,NN,VBD
NNS,VBP,NN,NN,NN,VBD,VBN,DT,NN,IN,DT,NN,NN,VBG,DT,NN,TO,NNP,NNS
NN,NN,VBD,DT,JJ,NN,NN,NN,VBD,TO,VB,IN,NN,NNP,NNP,DT,NN,IN,WDT,DT,NN,NN,CC,NN,NNS,NN,VBZ,DT,JJ,NN,TO,VB,DT,NN,NN
DT,NN,VBZ,NN,IN,NN,NNP,IN,DT,JJ,NN,NN,VBG,PRP,NN,NN,IN,NNS,POS,NNS,IN,PRP,NNS,TO,NN,RP,DT,NN,TO,VB,PRP$,NNS
JJ,NN,NN,NN,IN,PRP$,NN,NN,PDT,VBP,NN,VBD,PRP$,$,NN,NN,IN,DT,DT,JJ,NNS,JJ,IN,JJ,PDT,DT,NN,IN,NNS,VBN,IN,DT,NNS
DT,NN,VBD,IN,NN,POS,NNS,IN,DT,NN,NN,NN,VBZ,VBN,TO,VB,IN,DT,NN,IN,NN
NN,RB,VBZ,IN,NNP,NNP,IN,JJ,POS,JJ,NNS,JJ
DT,NN,VBZ,VBG,VBN,TO,DT,RB,VBD,NN,IN,DT,NNS
NN,POS,NNS,IN,NN,JJ,JJ,NNS,CC,JJ,NN,NNS,VBD,IN,DT,JJ,$,NNP,CD,IN,NN,TO,$,NNP,CD,DT,NN,NN,VBD
DT,NN,VBZ,DT,JJ,JJ,JJ,NN
DT,NN,VBZ,DT,NN,IN,NN,IN,NN,NN,IN,NN,WRB,DT,NN,NN,RB,VBD,IN,DT,NNP,NNS,NN
DT,NN,VBZ,DT,JJ,$,NNP,CD,NN,IN,DT,NN,POS,JJ,NNS,IN,NN,TO,$,NNP,CD
VB,DT,NN,DT,NN
PRP,POS,DT,JJS,NN,NN,VBG,NN,NN,DT,NN,IN,JJ,JJ,NN,NNS,DT,RB,VBN,NNS,WDT,VBP,IN,NNS,IN,DT,JJ,JJ,NN
DT,JJR,IN,NNP,NN,NNS,VBP,VBN,VBN,CC,VBD,IN,NNS,DT,NN,VBZ,DT,NN,IN,DT,IN,NNP,VBG,TO,NNS,VB,NNP,CC,NN,DT,JJ,NN,NN
DT,NN,RB,VBZ,VBN,IN,NN,TO,TO,VB
JJ,NN,DT,NN,NN,POS,NN,MD,VB,VBN,IN,DT,NN,IN,NN,NN,IN,DT,JJ,NN,DT,NN,IN,NN,VBZ,VBN,IN,DT,VB,IN,DT,JJ,NN,RB
DT,JJ,NN
NN,POS,JJ,WRB,IN,DT,JJ,NN,NN,NN,VBP,DT,NN,NN,IN,NN,NNS,IN,NN
DT,JJ,NN,IN,NN,NNS,DT,JJ,NN,NN,IN,DT,CD,NN,VBP,VBZ,WRB,RB,VBD,NNS,VBD,RB,JJ
PRP,VBD,IN,IN,DT,NNP,NN
IN,JJ,JJ,NNS,JJS,IN,DT,NNS,VBP,DT,JJ,NN,VBG,DT,JJ,NN,IN,NNS,WDT,NN,RB
DT,NN,VBZ,TO,RB,NNP,DT,NN,IN,NN,NNS,WDT,VBP,CC,RB,MD,VB,VBN,IN,JJ,NN,CC,NN
DT,NNS,RB,VBP,IN,JJ,NNS,IN,NNS,IN,NNS
NNS,VBP,VBG,TO,NN,PRP$,NNS,RB,IN,DT,NN,IN,JJ,NNS,VBZ,RP,VBZ,NN,NN,DT,NN,IN,JJ,NN,NN,NNP,CC,NN,JJ,NN
IN,DT,DT,VBZ,DT,NN
IN,JJ,NNS,VBP,VBD,RB,IN,DT,NN,NN,IN,DT,NNS,NNS,NNS,VBP,VBN,TO,VB,JJ,NNS,WDT,NNS,VB,JJ,TO,VB
CC,DT,NNS,VBP,VBG,PRP$,RB,CC,JJ,TO,VB,PRP
JJ,NNS,RB,JJ,NNS,TO,VB,CC,TO,VB,DT,IN,JJ,NNS
CC,JJ,VBG,NNS,VBP,JJR,JJ,NNS,JJ,IN,DT,NN,CC,NN
NN,NNS,NN,DT,JJ,NN,TO,VB,DT,NN,IN,JJ,NNS,IN,DT,JJ,NN,IN,VBG,RP,JJ,NNS
CC,PRP,VBZ,RB,VB,RB,TO,VB,VBN
JJ,CC,NN,NNS,MD,DT,NNS
DT,NN,DT,NNS,POS,NN,NNS,VBP,TO,VBG,JJR,IN,DT,JJR,NN
WRB,DT,NN,NN,VBD,RB,NNP,NNP,MD,NNP,IN,NN,DT,NN,NN,VBD,IN,NNP,NNP,CC,DT,NN,NN,VBD,NNP,NNP
CC,JJS,NN,NNS,VBD,VBN,JJR,IN,JJS,NNS,IN,DT,NNP,NN
WP,POS,RB,JJ,IN,DT,NNS,POS,NNS,NN,RB,VBZ,WDT,JJ,VBP,NN,IN,RB,JJ,NNS,TO,DT,NN,IN,PRP$,JJ,NNS
IN,NN,IN,DT,JJ,NN,IN,JJR,IN,NNP,NNP,IN,JJ,NNP,CC,NN,IN,JJ,NN,NN,NNS,RB,NN,IN,DT,JJ,NN,IN,NNP,NNP
DT,NN,NN,NNS,IN,JJ,IN,DT,NNS,DT,NN,VBP,VBN,RB,JJR,RB,IN,DT,JJ,NNS,PRP,VB
PRP,POS,RB,IN,VBG,DT,NN,IN,NNS,WDT,VBP,IN,NNS,WDT,VBP,RB,VBD,TO,JJ,NNS,JJ,IN,RB,JJ,DT,NNS,VBP
CC,DT,JJ,NNS,RB,VBP,VBN,NN,NN,VBZ,VBD,TO,DT,JJ,NNP,NNP,NN
PRP,VBZ,VBN,VBN,IN,JJ,NNS,IN,DT,JJ,JJ,NN,VBN,TO,NNP,POS,JJ,JJ,NN
CC,JJ,JJ,NNS,WDT,VBP,RB,RB,RB,VBN,RB,VBP,VBN,TO,NN,IN,JJ,NNS
JJ,VBP,RB,JJ,TO,VB,DT,JJ,VBZ,JJ,NN,POS,NN,NN
DT,RB,NNS,VBP,DT,RB,JJ,NN,IN,DT,NN,NNS,NN,NN,VBZ
IN,JJ,NN,NNS,DT,IN,NN,CC,NN,VBG,NN,MD,VB,RBR,TO,VBG,JJR,NNS,IN,NN,NNS
EX,MD,VB,DT,JJ,NN,NN,IN,DT,NNS,VBN,RB,NN,NN,VBZ
RB,NN,IN,NN,NNS,CC,NN,NNS,VBP,IN,DT,NN,NNS,IN,DT,NN,NNS
PRP,VBP,WDT,NN,NNS,RB,MD,VB,JJ,JJ,NNS,IN,DT,JJ,NNS,IN,JJ,NNS,DT,JJ,NNS,JJ,NNS,IN,JJ,NNS,VBN,IN,DT,NN
WDT,NN,NNS,MD,RB,VB,DT,NNS,IN,VBG,DT,NN
IN,NNS,WP,VBP,IN,NN,IN,RB,TO,VB,DT,NNS,POS,NN,VBP,VBZ,DT,RB,NN,JJ,VBP,IN,DT,NNS,VBZ,WDT,DT,WP,VB,TO,DT,NN,JJ,VBD,RBR,VB,JJ,TO,VB,RB
DT,NN,CC,JJ,NN,VBP,VBG,JJ,NNS,IN,JJ,NN,IN,NN,IN,$,NNP,CD,IN,JJ,NNS,VBN,TO,DT,NN,NN,DT,NN,NN,VBD
IN,DT,NNS,VBP,VBN,PRP,MD,VB,DT,NN,IN,JJ,NNS,TO,VB,VBN,IN,DT,NN
RB,IN,CD,NNS,IN,DT,NNS,DT,NN,NN,NN,VBD,WDT,PRP,POS,RB,JJ,TO,VBP,IN,WDT,MD,VB
IN,DT,NNS,DT,NN,NN,VBD,PRP,VBZ,VBN,DT,JJ,NN,TO,JJ,DT,JJ,NN,NN
DT,NN,IN,DT,NN,IN,JJ,JJ,NNS,VBD,VBD,JJ,NN,CC,VBD,IN,NN
CC,DT,JJ,NN,RB,MD,VB,IN,NN,VBN,DT,NN,TO,VB,DT,$,NNP,CD,NN,WDT,VBD,NN,TO,DT,NN,POS,JJ,JJ,NN,IN,DT,NNS,VBD,NN,IN,NNP
IN,DT,NNP,NN,DT,JJ,NN,VB,VB,IN,VBD,PRP,POS,JJ,IN,NNS,TO,VB,NN,TO,NNS,IN,VB,TO,DT,NN,NN,IN,PRP,VBP,NNS,IN,DT,NN,NN,CC,JJ,JJ,NN
DT,JJ,NNS,TO,DT,NN
NN,VBZ,VBN,NNS,IN,JJ,NNS,IN,JJ,NNS,IN,RBR,IN,VB,NN
DT,NN,NN,VBD,DT,NNS,IN,DT,NN,TO,VBG,DT,JJ,VB
CC,DT,NNS,MD,RB,VB,JJ,NNS,TO,VBG,NN,IN,DT,NN,IN,PRP,VB,NNS,IN,NNS,IN,NNS,IN,JJ,NN,RB,JJ,IN,DT,NN,NN,NN,NN
IN,DT,NN,WDT,DT,NN,IN,DT,NN,VBZ,IN,DT,NN,VBD,WDT,NNS,IN,JJ,NNS,CC,NN,IN,NN,VBD,TO,VB,IN,NN
RB,DT,JJ,NN,IN,VBG,NN,VBD,PRP$,JJS,NN,VBD,WDT,DT,NN,NN,VBD,IN,NN,IN,DT,JJ,JJ,NN
PRP$,NN,VBD,RP,TO,NNP,NNP,IN,NN,IN,NNP,NNP,IN,NN
DT,NN,IN,NNP,NNP,VBZ,DT,NN,NN,VBZ,RB,VBG
DT,VBG,NNS,RB,RB,VBD,WDT,NNS,VBD,RP,IN,NN,IN,CD,NNS,IN,NN
NNS,VBD,$,NNP,CD,IN,NNS,IN,NN,RB,DT,JJ,IN,DT,$,NNP,CD,IN,JJ,DT,NN,NN,VBD
IN,RB,IN,DT,NNP,NNP,NN,IN,NNS,IN,NN,NNS,IN,NN,NNS,NN,NNS,MD,VBP,VBN,NNP,NNP
IN,DT,JJ,NN,DT,NN,VBD,NN,NN,VBD,IN,DT,JJ,NN,IN,$,NNP,CD,RB,RB,JJ,IN,DT,$,NNP,CD,VBD,IN,JJ
JJ,NN,NN,VBD,VBP,CC,NN,NN,NN,VBD,RP
DT,NNS,IN,DT,NNS,VBD,VBN,TO,VB,DT,NNS,IN,JJ,JJ,NNS,CC,VBD,RB,VBN,IN,NN
NNS,NN,IN,NN,NN,DT,NN,NN,VBD,NN,IN,NNS,IN,NN,NNS,VBZ,VBG,TO,IN
IN,DT,JJ,NN,DT,NN,IN,NN,NNS,IN,DT,NN,VBZ,VBD,TO,VB,DT,JJ,NN,NN
WP,NN,VBZ,VBG,RB,TO,VB,RP,DT,NN,PRP,VBD
JJ,VBP,DT,NN
IN,JJS,NNS,DT,NN,POS,JJ,NN,VBZ,RB,VBG,RB,RB,IN,IN,DT
NN,VBD,IN,NN
RB,VBD,DT,JJ,NN,NN,POS,NN
RB,JJ,NNS,VBP,RB,VBG,WDT,DT,NN,VBZ,IN,TO,VB,IN,NN
PRP,VBP,DT,NN,IN,NNS,WDT,VBP,JJ,NN,NNS,IN,DT,NN
NNS,VBP,RB,VBN,IN,JJ,NNS,IN,NN
NNS,VBP,DT,NN,IN,NNS,MD,VB,IN,NN,WDT,MD,VB,TO,DT,NN
CC,NN,POS,NN,NNS,NN,VBD,JJ,NN,IN,WDT,NN,PRP,VBD,NN,NNS,VBD,NNP,NNP,IN,NN,DT,JJ,NN,IN,NN,NNP
DT,TO,DT,JJ,NN,NN,VBD,PDT,DT,NN,IN,NN,FW,CC,NN,NNS,NN
JJ,VB,RB,VB,DT,NNS,WDT,NNS,VBP,JJ
DT,JJ,NN,VBZ,DT,JJ,NN,WDT,NN,IN,VBG,TO,DT,NN
DT,NN,VBD,NNS,IN,NNS,DT,VBN,TO,JJ,JJR,IN,CD,NNS,VBD,NNP,NNP,IN,NN,TO,$,NNP,CD,IN,VBG,NNP,NNP,DT,NN,IN
NNS,IN,JJ,NNS,VBD,RP,NNP,NNP,TO,$,NNP,CD,IN,VBG,NNP,NNP,DT,NN,IN
DT,NN,RB,VBN,WDT,NNS,VBD,NNP,NNP,IN,NN
NN,VBZ,VBD,NNP,NNP,TO,$,NNP,CD,IN,VBG,NNP,NNP,IN,JJ
VBZ,VBP,VBN,RB,NN,IN,JJ,DT,NN,NN,VBD
NNS,POS,NNS,IN,JJ,NNS,VBD,NNP,NNP,IN,NN,TO,$,NNP,CD,VBN,IN,NN,IN,DT,NN,NN,NNS,NN
VBG,DT,NNS,NNS,VBD,NNP,NNP
IN,PRP$,NN,NN,NN,DT,NN,NN,VBD,JJ,NN,WDT,VBZ,IN,RB,NN,IN,DT,NN,NN,VBD,IN,NNP,NNP,IN,NN,TO,DT,JJ,NN,IN,$,NNP,CD
NN,NN,IN,DT,NN,NNS,NN,VBD,DT,NN,IN,NN,NNS,RB,MD,VB,NN,IN,JJ,NNS,CC,RB,RB,IN,JJ,JJ,NN
NN,IN,JJ,NN,VBD,IN,NNP,NNP,TO,DT,JJ,NN,IN,$,NNP,CD,IN,DT,NN,VBG,NN
NN,NN,NN,VBD,NNP,NNP,TO,$,NNP,CD
IN,VBG,IN,NN,DT,NN,NN,VBD,NN,NN,VBD,RB,VB,IN,NN
IN,DT,JJ,CD,NNS,IN,DT,NN,NN,NN,NN,VBD,IN,NNP,NNP,IN,JJ,NN,POS,NN
DT,NN,POS,NN,NN,NNS,VBP,IN,DT,NN,VBD,RBR,IN,DT,NN,IN,NNP,VB,POS,NN,NN
NN,VBD,DT,NNP,NNP,NN,IN,NN,NNS,VBD,IN,NN
DT,NNS,NN,IN,PRP,VBZ,VBD,NN,NNS,NNS,WRB,PRP,VBP,VBD
DT,NN,VBZ,NN,VBD,IN,JJ,NN,VBZ,RB
IN,DT,VBG,NNS,POS,NN,VBZ,TO,VB,DT,VBG,NN,PRP,VBZ,RB,DT,JJ,NN,VBD,JJ,NN,IN,DT,NN,POS,NN,NN,CC,NN,IN,NNS,NN,IN,NN,NN,VB,NN,NN
PRP,VBD,DT,NN,MD,VBP,TO,VB,IN,DT,JJ,NNP,NNP,NN,IN,JJ,NNS,TO,VB,VBN,DT,NN,IN,NN
DT,NN,VBN,JJ,NN,WDT,DT,NN,POS,NN,NN,IN,RB,VBG,MD,VB,VBG
RB,NNP,NNP,IN,DT,VBG,NNS,VBD,RBR,NN,NNS,IN,NN,VBP,IN,NNP,NNP,IN,NN
CC,NNP,NNP,VBD,NN,NNS,VBD,VBP,JJ,NN,VBN,IN,NNP,NNP,DT,NN,IN
DT,NNS,POS,NN,RB,VBD,NN,WDT,NN,VBZ,IN,NN
IN,DT,JJ,JJ,NN,VBG,NNS,VBD,NNS,IN,DT,NNS,PRP,VBD,VBD
DT,NN,VBD,RB,IN,IN,NN
PRP,RB,VBD,WDT,NNS,VBD,VBG,NNS,JJR,RB,IN,NN,IN,PRP,VBD,IN,DT,IN,DT,CD,JJ,NNS
NNS,VBP,WDT,DT,NN,WDT,NNS,VBP
WRB,NN,VBZ,JJR,IN,NNS,MD,VB,CC,NN,NNS,NNS,VBP,TO,VB
DT,VBG,NNS,POS,NN,VBZ,VBN,IN,NNS,VBN,IN,JJR,IN,NNP,VBG,NNS
DT,IN,DT,NN,POS,NNS,DT,NN,IN,DT,NN,IN,NNS,VBG,NN,IN,DT,JJ,NN,CC,DT,NN,VBG,DT,NN
IN,DT,JJ,NN,DT,NN,NN,VBD,NNS,IN,NNS
PRP,VBN,WDT,IN,DT,NNP,NNP,WP,VBP,NNP,NNP,VBD,PRP,VBN,JJR,IN,NN,CC,NNP,NNP,VBD,PRP,VBN,RBR,IN,DT,JJ,NN
IN,VBG,CD,NN,POS,NNS,VB,RB,VB,DT,NN,NN,VBD,PRP,VBZ,VB,PRP,TO,VB,NNS,VBP,VBG,VBP,CC,IN,JJS,RB,VBG,WDT,RB
NNS,VBN,IN,VBG,IN,JJ,NN,VBD,RB,IN,DT,NN,CC,PRP,VBD,CD,NN,CC,NN
PRP,POS,DT,JJ,NN,TO,VBN,IN,DT,NN,NN,VBD
PRP,VBD,WDT,IN,DT,JJ,NN,IN,DT,NN,NN,NNS,VBD,DT,NN,IN,JJ,NN
PRP,VBD,VBD,NN,IN,NN,NNS,IN,DT,NN,IN,RB,JJ,NN,NNS,IN,JJ,NN,VBN,IN,RB,JJ,VBP,NNS
IN,JJ,NN,VBD,TO,DT,NN
RB,VBP,DT,NN,NN,POS,NNS,IN,NN,NN,IN,NNS,IN,NNS,IN,RB,VBN,JJ,NNS
RB,VBP,DT,NN,NN,POS,JJS,NNS,IN,NNS,IN,NNS,IN,NNS,RB,VBN
VBG,IN,DT,IN,POS,DT,JJ,JJ,NN,NNP,NNS,$,NNP,NN,NNS,IN,DT,NNS,IN,DT,NN,VBP,DT,NN,IN,JJ
IN,VBD,IN,NN,DT,NN,POS,VBZ,RB,RB,JJ,RB,JJ
NNS,VBP,NNS,NNS,CC,VBP,NNS,VBP,NNS
PRP,VBP,CC,VB,IN,CC
PRP,VBP,IN,PRP$,NNS,VBP,RB,RB,CC,VB,IN,NN,CC,NNS
DT,VBZ,NN
IN,DT,JJ,NN,NN,IN,DT,IN,DT,VBG,NN,MD,VB,IN,VBG,WDT,NN,VBZ,RB,DT,NN,IN,JJ,JJ
PRP,POS,RB,TO,VBP,DT,JJ,NN,WP,RB,VBZ,RB,VB,TO,DT,NN,IN,NNS,WP,DT,NN,IN,DT,JJ,JJ,IN,NNS
IN,DT,JJ,JJ,NN,VBZ,DT,JJ,NN,IN,JJ,NNS,PRP,POS,WDT,DT,JJ,VBP,JJR,IN,PRP,IN,JJS,IN,PRP,VBP
WDT,POS,RB,TO,VBP,WDT,DT,NN,IN,DT,JJ,JJ,NN,VBZ,VBN,IN,NN
PRP,POS,CC,RB,JJ
DT,NN,NNS,IN,IN,JJ,NN,IN,NN,IN,DT,JJ,IN,DT,NN,IN,PRP$,RB,IN,DT,IN,DT,IN,DT,NN,NN
PRP,VBZ,IN,PRP$,NN,WP$,JJ,NN,PRP$,IN,NN,CC,DT
IN,DT,NN,PRP,VBZ,DT,NN,WP,VBZ,DT,NN,NN,POS,NN,NN,CC,DT,JJ,NN,DT,JJ,NN,WP,VBZ,WP,VBZ,DT
DT,JJ,NN,VBZ,DT,NN,IN,NN
DT,JJR,JJ,NN,JJ,NN,DT,JJ,IN,NNP,VBZ,TO,VB,IN,VBZ,VBN,JJR,IN,CD,CD,NNS,IN,VBN,PRP,IN,NNP
CC,PRP,VBZ,RB,CD,IN,JJ,NNS,VBP,POS,NN,WP,VBP,DT,NNS,IN,NN
PRP$,NNS,VBP,VBN,IN,JJ,NN,CC,RB,VBP,JJ,IN
IN,JJ,POS,PRP,VBP,VBN,NNP,NNS,$,NNP,DT,VBP,NN,TO,NN,IN,DT,NN,PRP,MD,VB,JJ,VBN,TO,VB,DT,NN
IN,NN,VBZ,PRP,NN,VBZ,DT,NN,IN,NN,POS,IN,JJ,NN,CC,NN
VBZ,JJ,IN,NN,NN,CC,JJ,VBP,NNS,CC,NNS,IN,PRP
DT,NN,POS,NN,TO,NN,CC,NN,NN,VBZ,IN,JJ,IN,PRP$,JJ
NNS,RB,VBN,VBP,NNS,NN,DT,NN,IN,DT,JJ,NN,IN,NN
